{
  "S_true": [
    [
      0,
      4
    ],
    [
      1,
      5
    ]
  ],
  "gamma": {
    "0-4": 1.0,
    "1-5": 0.6
  },
  "angle_range": [
    0,
    3.141592653589793
  ],
  "N": 2048,
  "leakage": {
    "A": {
      "logistic": 0.49105691056910566,
      "mlp": 0.5018970189701898,
      "worst": 0.5018970189701898
    },
    "B": {
      "logistic": 0.475880758807588,
      "mlp": 0.49539295392953936,
      "worst": 0.49539295392953936
    },
    "AB": {
      "logistic": 0.49105691056910566,
      "mlp": 0.8189701897018971,
      "worst": 0.8189701897018971
    },
    "mi_per_feature": [
      0.004956502793417528,
      0.0032661346940783265,
      0.0004747272736929098,
      0.010378486820708632,
      0.0,
      0.0,
      0.0005040724996208112,
      0.007600301294081735
    ],
    "pass": true,
    "margin_fail": false,
    "class_balance_pos": 0.50634765625
  },
  "head_sanity": {
    "ang_min": -0.004493752076771248,
    "ang_max": 3.152670064974859,
    "ang_in_0_pi": false,
    "pm1_values": [
      -1.0,
      1.0
    ],
    "pm1_shape": [
      2048,
      8
    ]
  }
}