{
  "S_true": [
    [
      0,
      4
    ],
    [
      1,
      5
    ]
  ],
  "gamma": {
    "0-4": 1.0,
    "1-5": 0.6
  },
  "angle_range": [
    0,
    3.141592653589793
  ],
  "N": 2048,
  "leakage": {
    "A": {
      "logistic": 0.5008130081300813,
      "mlp": 0.4986449864498645,
      "worst": 0.5008130081300813
    },
    "B": {
      "logistic": 0.4872628726287263,
      "mlp": 0.48401084010840106,
      "worst": 0.4872628726287263
    },
    "AB": {
      "logistic": 0.4883468834688347,
      "mlp": 0.6742547425474253,
      "worst": 0.6742547425474253
    },
    "mi_per_feature": [
      0.0,
      0.0,
      0.0,
      0.01231665385682712,
      0.007300267546487937,
      0.0,
      0.008390780380807428,
      0.005456082208362911
    ],
    "pass": true,
    "margin_fail": false,
    "class_balance_pos": 0.484375
  },
  "head_sanity": {
    "ang_min": -0.0034090759496049517,
    "ang_max": 3.1445153640833334,
    "ang_in_0_pi": false,
    "pm1_values": [
      -1.0,
      1.0
    ],
    "pm1_shape": [
      2048,
      8
    ]
  }
}