{
  "config": {
    "N_metric_cosine": 512,
    "N_metric_noncosine_sanity": 256,
    "LAMBDA": 0.001,
    "CHUNK_TAN": 32,
    "CHUNK_M0": 64,
    "R_restart": 3
  },
  "datasets": {
    "cosine": {
      "S_true": [
        [
          0,
          4
        ],
        [
          1,
          5
        ]
      ],
      "excluded": false,
      "scores": {
        "A": [
          [
            0.1494775098782973,
            0.15733983598444187,
            0.15028581816372144,
            0.15557739877689616
          ],
          [
            0.16203455551817406,
            0.18813254143541688,
            0.16262933370930446,
            0.15579714970934025
          ],
          [
            0.16798725620605287,
            0.1546505590318014,
            0.15018744258377936,
            0.14904493786635134
          ],
          [
            0.1627311820545065,
            0.14863519113976997,
            0.1531428042984848,
            0.1514039988838534
          ]
        ],
        "Aprime": [
          [
            0.6693826447960645,
            0.7172515255500959,
            0.6758930779412282,
            0.7094445904754925
          ],
          [
            0.737184244202038,
            0.8459804704405879,
            0.7466483613524277,
            0.7083102507452822
          ],
          [
            0.7652275166485448,
            0.7001037295209879,
            0.6872569248293616,
            0.6668394483788022
          ],
          [
            0.7410970685287549,
            0.6998812103156709,
            0.714313488899489,
            0.6921328850514621
          ]
        ],
        "B": [
          [
            3.594916271110373,
            4.2524490132736785,
            0.16811231585165012,
            0.0006380948530685845
          ],
          [
            0.6573259423740284,
            1.7787477548791464,
            2.509565934982338,
            5.160111035134647
          ],
          [
            0.3485874165398739,
            3.5139280232528742,
            0.04248217886930823,
            0.0786513046072831
          ],
          [
            0.04036595670151455,
            0.7997727292126977,
            0.9262922483701286,
            0.2702107369198136
          ]
        ],
        "Bperp": [
          [
            11.472770328116297,
            4.341215769779443,
            0.34566021527704544,
            0.030207048184538968
          ],
          [
            1.1009101860444928,
            1.590610361737894,
            2.526064753926242,
            4.926125616114324
          ],
          [
            0.23401176329986434,
            3.819966255273471,
            0.24978389228001782,
            0.22573845662417277
          ],
          [
            0.011377682015563098,
            0.6371179899090841,
            1.4702695548948372,
            0.20327838859557998
          ]
        ]
      },
      "rank_top3": {
        "A": [
          [
            1,
            5
          ],
          [
            2,
            4
          ],
          [
            3,
            4
          ]
        ],
        "Aprime": [
          [
            1,
            5
          ],
          [
            2,
            4
          ],
          [
            1,
            6
          ]
        ],
        "B": [
          [
            1,
            7
          ],
          [
            0,
            5
          ],
          [
            0,
            4
          ]
        ],
        "Bperp": [
          [
            0,
            4
          ],
          [
            1,
            7
          ],
          [
            0,
            5
          ]
        ]
      },
      "lambda_ranks": {
        "0.01": {
          "B_top3": [
            [
              0,
              5
            ],
            [
              1,
              7
            ],
            [
              0,
              4
            ]
          ],
          "Bperp_top3": [
            [
              0,
              4
            ],
            [
              0,
              5
            ],
            [
              1,
              7
            ]
          ]
        },
        "0.001": {
          "B_top3": [
            [
              1,
              7
            ],
            [
              0,
              5
            ],
            [
              0,
              4
            ]
          ],
          "Bperp_top3": [
            [
              0,
              4
            ],
            [
              1,
              7
            ],
            [
              0,
              5
            ]
          ]
        },
        "0.0001": {
          "B_top3": [
            [
              1,
              7
            ],
            [
              0,
              5
            ],
            [
              2,
              5
            ]
          ],
          "Bperp_top3": [
            [
              0,
              4
            ],
            [
              1,
              7
            ],
            [
              2,
              5
            ]
          ]
        }
      },
      "eff_rank_Cwhite": 7.4191765943413035,
      "tangent_finite": true,
      "tangent_nonzero": true
    },
    "noncosine_sanity": {
      "all_four_16": true
    }
  },
  "cost": {
    "per_edge_tangent_sec_B512": 16.355599716305733,
    "M0_jacobian_sec_B512": 67.08050107955933,
    "metricB_Bperp_per_seed_sec": 328.77009654045105,
    "bell0_restart_R3_per_seed_sec": 660.0,
    "prescription_8cond_per_seed_sec_est": 1760.0,
    "est_per_seed_sec": 2748.770096540451,
    "est_step3_total_min": 549.7540193080902
  }
}